blacky - blacky0x0 - Dushen Alexey
silh - silhlol - Belyaev Iliya
GDove - GDove - Khromov Ilya
Lars - Lars9 - Titov Alexander
anatolko - ayashkin - Yashkin Anatoly
Alex-e - Alexe - Eremenko Alexandr
sergiishapoval - Sergio Shapoval
primazp - Slava Kisel
itslayo - Ruslan Andrievskiy
Slayfi - Lyashenko Danila
StanislavPonomarev - Stanislav Ponomarev